first_name,last_name,job_title,department,email,address,phone_number,salary,password
Richard,Knight,Petroleum engineer,Editorial assistant,ibecker@example.org,South Nicholas,001-205-988-7783,21876,Bu5Bj3OF
Bethany,Wilson,"Engineer, maintenance",Professor Emeritus,freemanchelsea@example.org,South Maryville,268.684.2019x9291,90686,ibtO98HO
Diana,Garcia,"Pilot, airline",Financial controller,kaufmanbrandi@example.com,South Danielmouth,430-284-3870x1827,72808,rrYar7Sk
Elizabeth,Villa,Microbiologist,"Investment banker, operational",rwright@example.org,North Jenniferbury,001-307-706-3564,83550,As6LUtqM
Susan,Kent,Make,Sub,ysandoval@example.org,West Brandonfort,001-664-968-0131x04155,47862,n8e9JLRb
Louis,Bryant,Prison officer,Haematologist,molinazachary@example.net,Lake Jenniferfort,(689)425-6905,77705,vYe5Xn6L
Amanda,Day,Optometrist,Psychiatrist,munozrobert@example.net,Estradaside,(799)286-0957x633,19366,ZjCF4l05
Benjamin,Trujillo,Video editor,"Producer, television/film/video",debramoore@example.com,Laurieberg,932.216.7233x096,4168,Qic5oHv1
Anthony,Willis,"Scientist, research (physical sciences)",Secondary school teacher,jennifer21@example.org,Austinton,001-921-378-5058x78880,98768,fH9OxTg2
Matthew,Cummings,Event organiser,"Teacher, primary school",vflores@example.net,Jennifermouth,001-238-779-9198,80462,eQuJPt6H
Lisa,Ingram,Hospital doctor,Make,codyjones@example.org,West Sharon,+1-415-875-3198x5593,15803,ZQj5zAXT
Morgan,Wilkerson,Environmental consultant,Sports administrator,kerry95@example.net,Walkerhaven,288.529.7495x963,33652,9WzofrjV
Jessica,Beasley,Data processing manager,"Accountant, chartered certified",meganflores@example.org,New Brian,845-276-7445,62595,jHbzmguR
Joseph,Jones,Chartered management accountant,"Solicitor, Scotland",jacobmoore@example.net,Veronicafort,+1-686-832-9340x265,30321,TpQb9ivO
John,Lee,"Social research officer, government",Print production planner,singhgregory@example.net,Whitneyfort,(723)841-5951,56308,4X7YZRZD
Diana,Villegas,Osteopath,Tax adviser,jenniferhayden@example.com,Alejandrobury,963-858-2066x9809,14649,tzVnMsWi
Daniel,Lee,Lawyer,"Scientist, clinical (histocompatibility and immunogenetics)",alexandrawhitehead@example.net,Nicoleborough,+1-328-640-8152x8075,54075,3SOInhXG
Christina,Yu,"Engineer, automotive","Loss adjuster, chartered",alisonolson@example.net,East Micheal,001-615-480-2384x102,32387,PWHXU0mm
Diana,Mcclain,Nutritional therapist,Leisure centre manager,jbrown@example.com,Pattonville,311-536-7872x8631,93617,Kbt3cXUF
Susan,Carr,Make,"Editor, film/video",sgardner@example.com,West Sherry,6726779533,7810,QE8T1u1f
Vincent,Alexander,Pension scheme manager,"Nurse, learning disability",wyattkenneth@example.com,Blackland,+1-674-372-7520x2897,79594,vrp7S3Hi
Frank,Carter,"Therapist, sports",Seismic interpreter,jacobpark@example.net,Port Calvinville,+1-464-582-3529x305,22959,UG7TqkbJ
Sandra,Zhang,Social worker,Architect,williamsmichael@example.net,North Sandraburgh,(696)806-2780x04838,63028,vvcw4jKB
Mark,Wilson,"Therapist, horticultural",Secondary school teacher,courtney05@example.com,New Hollyport,(218)826-9880,18956,PcxsJLrF
Adrian,Hayden,Fast food restaurant manager,Neurosurgeon,fmiller@example.com,Cardenasshire,(742)916-6692x918,1520,zFIqSyMa
William,Parks,Public relations account executive,"Psychotherapist, child",smorgan@example.com,South Linda,(686)702-1126,95998,bm2SP0Ja
Brittany,Johnson,Broadcast presenter,Accommodation manager,natalieortiz@example.net,Kellymouth,+1-762-259-7355,1276,SYNkmCQU
Dale,Thomas,Conference centre manager,"Sound technician, broadcasting/film/video",esmith@example.org,South Dominicside,+1-242-778-8090,47810,Oh73kECV
Kenneth,Glass,Logistics and distribution manager,Copy,gonzalezalyssa@example.com,Lake Brian,001-920-651-3722x533,65706,zAcirJJY
Katelyn,Clark,Banker,Astronomer,douglas19@example.net,Ramirezbury,232.530.9310x89885,9376,sz5RDgXI
Timothy,Wilson,Newspaper journalist,Lobbyist,andrew22@example.com,Port Michelleport,305-701-0172,31059,14GImu1K
Michelle,Holloway,Bonds trader,"Scientist, research (medical)",olee@example.net,Halehaven,496-427-4518x4796,4695,kX32Zijw
Matthew,Evans,"Accountant, chartered","Lecturer, higher education",john73@example.net,Amandachester,295-460-7188,74872,s2Fczm5v
Melissa,Carter,Warden/ranger,Rural practice surveyor,bradleyboyer@example.org,Mooreland,383.343.1830x971,98298,QLZGp8mU
Patricia,Finley,Travel agency manager,"Psychologist, sport and exercise",nunezjustin@example.com,Lake Amberburgh,248-811-4568,90892,CAmivlgx
Kristi,Miller,Regulatory affairs officer,Scientific laboratory technician,ghouse@example.org,Smithland,001-867-723-4950x53273,16807,xmuLQN6s
Linda,Short,Broadcast presenter,"Nurse, adult",ohernandez@example.org,Jasminemouth,+1-760-219-5525x7395,43980,ERg35jkU
Jennifer,Weber,Jewellery designer,"Psychologist, prison and probation services",cesar63@example.org,East Amanda,001-794-928-7394,64930,wbQtJVeE
Linda,Christensen,Broadcast journalist,Camera operator,mariasanchez@example.com,Lake Michelle,998-845-9411x4354,4773,zZUkTzH3
Mark,Burns,Financial adviser,Brewing technologist,bryantjames@example.com,East Annette,785-421-9484,69281,ac1FEXo6
Kevin,Joyce,Regulatory affairs officer,"Therapist, drama",millerdiana@example.net,North Sheila,874.585.3844x74465,30087,N4U6F7nW
Jacob,Acosta,"Therapist, music","Nurse, children's",caitlinschmitt@example.net,Vazquezberg,+1-356-298-1307x3590,92248,oSrmlrNe
Denise,Warren,"Therapist, art","Surveyor, mining",bcontreras@example.net,Mollystad,(458)991-2763x1023,36427,JvhoVWvf
Andrew,Roberson,Retail buyer,"Surveyor, insurance",amathis@example.com,South Linda,(894)814-6793,10067,aT56CldS
Phillip,Woodard,Lobbyist,Haematologist,michael24@example.org,Stephanieport,001-802-523-3456x82564,2386,4Kfj8pDU
Paula,Forbes,Chiropractor,Clinical embryologist,alexandrakennedy@example.net,Harrisfurt,8019784598,64146,SfWhMeMy
Cristina,Johnston,Early years teacher,"Librarian, academic",lauraglover@example.net,Youngstad,+1-562-331-5654,69601,PtEXmLwe
Raymond,Dawson,Building services engineer,Data processing manager,zgardner@example.com,Port David,+1-686-883-1870x3293,36590,kFHM3fYs
John,Martinez,Teaching laboratory technician,"Engineer, energy",jennifer15@example.org,Rileyton,001-397-859-9242x7593,17946,mu2k8baR
Bruce,Rodriguez,"Teacher, adult education",Economist,bernardguzman@example.com,Cynthiaborough,702.268.1965x49584,73164,Jiz9FvDB
Benjamin,Bryant,Fast food restaurant manager,Pension scheme manager,amandakent@example.com,Lake Danashire,(738)493-8165x696,6635,ls6aoE43
Kenneth,Evans,Multimedia programmer,"Producer, television/film/video",tina40@example.com,Khanland,842.260.8930x08177,97261,U0TZGk9b
Kimberly,Gross,Writer,Sports administrator,leetroy@example.org,North Tracyborough,838.693.5359,84407,GG4sxf2p
Aaron,Day,"Engineer, control and instrumentation",Tourism officer,bryan67@example.org,North Amanda,(944)977-7659x1722,1309,Uf3QgOEK
Andrew,Ortiz,Public relations officer,"Nurse, mental health",rfleming@example.org,East Ellenhaven,(628)858-3490x5667,521,I4hRiECe
Alexandra,Morris,"Engineer, electronics","Loss adjuster, chartered",meyersmichael@example.org,Port Aaron,384-782-0431,28720,b7eUlc1Y
Joshua,Rollins,Financial adviser,Consulting civil engineer,traceyperez@example.net,West Diana,+1-817-482-1832,45476,T3MepQig
Victoria,Hayden,Equality and diversity officer,Airline pilot,emccormick@example.org,Thomaston,+1-734-732-4381x3229,2202,IcU0FfDS
Caitlin,Mcdonald,Herbalist,"Scientist, forensic",qmosley@example.net,Anthonyside,001-921-808-9801,46304,zfF9CJ5x
James,White,Air cabin crew,Office manager,crichardson@example.org,Woodsfurt,647.595.5646x7790,68603,eXdpbXdN
Amber,Duncan,Hydrologist,Energy engineer,csmith@example.org,Christopherview,652.456.3253x32507,47751,kZyvJE0l
Timothy,Clayton,Travel agency manager,Research scientist (life sciences),melissa68@example.org,East Katie,934.220.9451x35865,7036,WEyrPEkb
Arthur,Hernandez,Banker,Fitness centre manager,jasongreen@example.org,South Tiffanybury,690.210.0475,46487,fmzRcJcd
Annette,Walton,Audiological scientist,Systems developer,joshuamoore@example.com,West Dustin,430.553.5752x53767,730,e9sX5OpJ
William,Bailey,Best boy,"Engineer, biomedical",amartinez@example.net,Lake Kyletown,5453516886,75409,7FFLg3LQ
Joshua,Combs,Insurance broker,Communications engineer,jerome13@example.org,Carlosfort,+1-406-504-2771x214,77047,YCfl7Hw0
Robin,Porter,Systems developer,Merchant navy officer,rjames@example.org,Garciafurt,275-516-3985x477,68626,60S3OlCe
Barbara,Suarez,Product manager,Tourist information centre manager,sthompson@example.org,Moniquemouth,215.422.2660x3627,18418,qdCN4NMR
Nathan,Carpenter,TEFL teacher,Sports administrator,amanda56@example.net,New Josestad,001-200-418-3002x6860,5804,j45hNwit
Bailey,Hays,Air traffic controller,Fish farm manager,marieorr@example.com,West Meganside,719.896.6028x0260,93071,s9BrVGFI
Lawrence,Nunez,Nutritional therapist,Senior tax professional/tax inspector,sarah67@example.net,Leeborough,916.918.8385x9617,68936,Qq8mmF2Z
Richard,Bradley,Clinical embryologist,Computer games developer,qdeleon@example.net,Laurashire,311-252-5283,87258,ja7c2wlb
Ashley,Peterson,Arboriculturist,"Lighting technician, broadcasting/film/video",angelamoore@example.org,Katherinehaven,553-973-5200x19572,12675,0WbT6ACO
Janice,Lynch,Translator,Medical sales representative,gabrielle42@example.net,South Julia,446.763.1857x893,82845,X2miL34m
Andrea,Scott,Counselling psychologist,Financial risk analyst,zstevens@example.com,New Rachelstad,6539306612,64331,3jZxVhZN
Maureen,Smith,Health and safety inspector,"Journalist, broadcasting",vanessataylor@example.net,Erikmouth,(648)745-4081,59919,ZIqJ1eUx
Randy,Reed,Chartered public finance accountant,Market researcher,lbrown@example.org,North Juan,405.379.0197,15331,pRz1L0ET
Kelly,Allen,"Engineer, electrical",Occupational hygienist,jeremyarnold@example.net,Wagnerberg,+1-678-234-0364x34295,50691,wTHSAxQ6
Todd,King,Charity officer,Analytical chemist,eharris@example.net,Port Alantown,787.333.5086x81514,16892,eJQRXOQs
Jacqueline,Love,Maintenance engineer,Arboriculturist,tnorris@example.org,Hansenstad,(702)737-5199,60891,47jKugB4
Christopher,Huerta,Clinical biochemist,Pharmacologist,raymond17@example.com,Lisastad,+1-720-249-2607,22988,yCYyFIC9
Sherry,Young,Armed forces technical officer,Pathologist,wrightmichelle@example.net,Wilcoxbury,+1-705-912-0465,17943,8EMUNXK8
William,Christensen,Science writer,Fish farm manager,gibsonjoshua@example.net,Port Kennethview,+1-793-383-0116x3107,14279,UOe0LRgk
Michael,Flowers,"Designer, graphic",Hospital pharmacist,karendavis@example.net,Jeremiahton,(687)861-3854x5505,42410,fmmoPqr2
Kayla,Snyder,Ergonomist,"Journalist, broadcasting",ogardner@example.org,Markston,732.337.4691x4457,10235,mwNhiVAI
Cathy,Ponce,Social researcher,"Designer, ceramics/pottery",fgrant@example.net,Livingstonchester,001-760-739-5164x65199,79364,y5rFc3ML
Tonya,Wolfe,Radiation protection practitioner,Company secretary,janehudson@example.org,New Samanthachester,9906132495,63131,u6xntZLa
Cynthia,Martinez,Public affairs consultant,IT trainer,leegina@example.net,Millerberg,(591)867-6866x71161,65886,AEadyqKZ
Crystal,Mcdowell,Public relations officer,Special effects artist,jeffreylynch@example.net,Kempside,001-885-814-5611x325,14894,qxy1a6xb
Michelle,Yates,Research scientist (life sciences),"Buyer, industrial",tylerevans@example.net,West Eduardobury,8509615148,13718,2tDRxv70
Matthew,Hernandez,"Engineer, electrical",Occupational therapist,newmanlindsey@example.com,Rothmouth,727.682.1330x49096,43664,Nn9pwfXo
Robert,Pittman,"Editor, film/video",Airline pilot,ashley89@example.org,Rodneyborough,(581)854-9334,88509,uzIdb03d
Martha,Wise,Trade union research officer,Homeopath,foliver@example.com,East Jasonchester,3434158132,52044,lX6zxNgQ
Brent,Campbell,Amenity horticulturist,Environmental manager,thomasderrick@example.net,Lake Hollystad,001-733-645-7591x5540,18978,NsKUhT69
Kendra,Carpenter,Public affairs consultant,Farm manager,estradabrenda@example.org,North Mary,001-651-607-0024x0141,28071,n12UszgB
Steven,Reid,"Engineer, civil (consulting)","Designer, industrial/product",kimberly64@example.org,Millerland,220-454-5186,13907,OlejNrRg
Jesse,Stewart,Television floor manager,"Scientist, research (physical sciences)",djones@example.com,North Madisonfurt,231.968.3193x2276,42608,9OQVdLXt
Michael,Graham,Water engineer,Equities trader,willielove@example.com,North Ravenmouth,+1-856-850-3059,2431,geA8bFBe
Jason,Clark,International aid/development worker,Writer,qhoward@example.com,Jonesberg,555.895.9667x7363,55011,qLnm0QzC
Kathryn,Robertson,Quarry manager,Archivist,erose@example.net,Tateland,+1-569-645-2237x0689,48823,RtWB1rZO
